{'北京': 111},{'北京': '1111'},{'门头沟': '1112'},{'房山': '1113'},{'通州': '1114'},{'顺义': '1115'},{'昌平': '1116'},{'大兴': '1117'},{'怀柔': '1118'},{'平谷': '1119'},{'密云': '11110'},{'延庆': '11111'}
{'天津': 112},{'天津': '1121'},{'塘沽': '1122'},{'汉沽': '1123'},{'大港': '1124'},{'东丽': '1125'},{'西青': '1126'},{'津南': '1127'},{'北辰': '1128'},{'武清': '1129'},{'宝坻': '11210'},{'宁河': '11211'},{'静海': '11212'},{'蓟县': '11213'}
{'河北': 113},{'石家庄': '1131'},{'井陉': '1132'},{'正定': '1133'},{'栾城': '1134'},{'行唐': '1135'},{'灵寿': '1136'},{'高邑': '1137'},{'深泽': '1138'},{'赞皇': '1139'},{'无极': '11310'},{'平山': '11311'},{'元氏': '11312'},{'赵县': '11313'},{'辛集': '11314'},{'藁城': '11315'},{'晋州': '11316'},{'新乐': '11317'},{'唐山': '11318'},{'丰南': '11319'},{'丰润': '11320'},{'曹妃甸': '11321'},{'滦县': '11322'},{'滦南': '11323'},{'乐亭': '11324'},{'迁西': '11325'},{'玉田': '11326'},{'唐海': '11327'},{'遵化': '11328'},{'迁安': '11329'},{'秦皇岛': '11330'},{'北戴河': '11331'},{'青龙': '11332'},{'昌黎': '11333'},{'抚宁': '11334'},{'卢龙': '11335'},{'邯郸': '11336'},{'峰峰': '11337'},{'临漳': '11338'},{'成安': '11339'},{'大名': '11340'},{'涉县': '11341'},{'磁县': '11342'},{'肥乡': '11343'},{'永年': '11344'},{'邱县': '11345'},{'鸡泽': '11346'},{'广平': '11347'},{'馆陶': '11348'},{'魏县': '11349'},{'曲周': '11350'},{'武安': '11351'},{'邢台': '11352'},{'临城': '11353'},{'内丘': '11354'},{'柏乡': '11355'},{'隆尧': '11356'},{'任县': '11357'},{'南和': '11358'},{'宁晋': '11359'},{'巨鹿': '11360'},{'新河': '11361'},{'广宗': '11362'},{'平乡': '11363'},{'威县': '11364'},{'清河': '11365'},{'临西': '11366'},{'南宫': '11367'},{'沙河': '11368'},{'保定': '11369'},{'满城': '11370'},{'阜平': '11371'},{'徐水': '11372'},{'唐县': '11373'},{'高阳': '11374'},{'容城': '11375'},{'涞源': '11376'},{'望都': '11377'},{'安新': '11378'},{'易县': '11379'},{'曲阳': '11380'},{'蠡县': '11381'},{'顺平': '11382'},{'雄县': '11383'},{'涿州': '11384'},{'定州': '11385'},{'安国': '11386'},{'高碑店': '11387'},{'张家口': '11388'},{'宣化': '11389'},{'张北': '11390'},{'康保': '11391'},{'沽源': '11392'},{'尚义': '11393'},{'蔚县': '11394'},{'阳原': '11395'},{'怀安': '11396'},{'万全': '11397'},{'怀来': '11398'},{'涿鹿': '11399'},{'赤城': '113100'},{'崇礼': '113101'},{'承德': '113102'},{'承德县': '113103'},{'兴隆': '113104'},{'平泉': '113105'},{'滦平': '113106'},{'隆化': '113107'},{'丰宁': '113108'},{'宽城': '113109'},{'围场': '113110'},{'沧州': '113111'},{'青县': '113112'},{'东光': '113113'},{'海兴': '113114'},{'盐山': '113115'},{'肃宁': '113116'},{'南皮': '113117'},{'吴桥': '113118'},{'献县': '113119'},{'孟村': '113120'},{'泊头': '113121'},{'任丘': '113122'},{'黄骅': '113123'},{'河间': '113124'},{'廊坊': '113125'},{'固安': '113126'},{'永清': '113127'},{'香河': '113128'},{'大城': '113129'},{'文安': '113130'},{'大厂': '113131'},{'霸州': '113132'},{'三河': '113133'},{'衡水': '113134'},{'枣强': '113135'},{'武邑': '113136'},{'武强': '113137'},{'饶阳': '113138'},{'安平': '113139'},{'故城': '113140'},{'景县': '113141'},{'阜城': '113142'},{'冀州': '113143'},{'深州': '113144'}
{'山西': 114},{'太原': '1141'},{'清徐': '1142'},{'阳曲': '1143'},{'娄烦': '1144'},{'大同': '1145'},{'阳高': '1146'},{'天镇': '1147'},{'广灵': '1148'},{'灵丘': '1149'},{'浑源': '11410'},{'左云': '11411'},{'大同县': '11412'},{'阳泉': '11413'},{'平定': '11414'},{'盂县': '11415'},{'长治': '11416'},{'襄垣': '11417'},{'屯留': '11418'},{'平顺': '11419'},{'黎城': '11420'},{'壶关': '11421'},{'长子': '11422'},{'武乡': '11423'},{'沁县': '11424'},{'沁源': '11425'},{'潞城': '11426'},{'晋城': '11427'},{'沁水': '11428'},{'阳城': '11429'},{'陵川': '11430'},{'高平': '11431'},{'朔州': '11432'},{'平鲁': '11433'},{'山阴': '11434'},{'应县': '11435'},{'右玉': '11436'},{'怀仁': '11437'},{'晋中': '11438'},{'榆社': '11439'},{'左权': '11440'},{'和顺': '11441'},{'昔阳': '11442'},{'寿阳': '11443'},{'祁县': '11444'},{'平遥': '11445'},{'灵石': '11446'},{'介休': '11447'},{'运城': '11448'},{'临猗': '11449'},{'万荣': '11450'},{'闻喜': '11451'},{'稷山': '11452'},{'新绛': '11453'},{'绛县': '11454'},{'垣曲': '11455'},{'夏县': '11456'},{'平陆': '11457'},{'芮城': '11458'},{'永济': '11459'},{'河津': '11460'},{'忻州': '11461'},{'五台山': '11462'},{'定襄': '11463'},{'五台': '11464'},{'代县': '11465'},{'繁峙': '11466'},{'宁武': '11467'},{'静乐': '11468'},{'神池': '11469'},{'五寨': '11470'},{'岢岚': '11471'},{'河曲': '11472'},{'保德': '11473'},{'偏关': '11474'},{'原平': '11475'},{'临汾': '11476'},{'曲沃': '11477'},{'翼城': '11478'},{'襄汾': '11479'},{'洪洞': '11480'},{'古县': '11481'},{'安泽': '11482'},{'浮山': '11483'},{'吉县': '11484'},{'乡宁': '11485'},{'大宁': '11486'},{'隰县': '11487'},{'永和': '11488'},{'蒲县': '11489'},{'汾西': '11490'},{'侯马': '11491'},{'霍州': '11492'},{'吕梁': '11493'},{'孝义': '11494'},{'汾阳': '11495'},{'文水': '11496'},{'交城': '11497'},{'兴县': '11498'},{'临县': '11499'},{'柳林': '114100'},{'石楼': '114101'},{'岚县': '114102'},{'方山': '114103'},{'中阳': '114104'},{'交口': '114105'}
{'内蒙古': 115},{'呼和浩特': '1151'},{'土默特左旗': '1152'},{'托克托': '1153'},{'和林格尔': '1154'},{'清水河': '1155'},{'武川': '1156'},{'包头': '1157'},{'白云鄂博': '1158'},{'土默特右旗': '1159'},{'固阳': '11510'},{'达尔罕茂明安联合旗': '11511'},{'满都拉': '11512'},{'希拉穆仁': '11513'},{'乌海': '11514'},{'赤峰': '11515'},{'阿鲁科尔沁旗': '11516'},{'巴林左旗': '11517'},{'巴林右旗': '11518'},{'林西': '11519'},{'克什克腾旗': '11520'},{'翁牛特旗': '11521'},{'喀喇沁旗': '11522'},{'宁城': '11523'},{'敖汉旗': '11524'},{'浩尔吐': '11525'},{'八里罕': '11526'},{'宝国图': '11527'},{'岗子': '11528'},{'高力板': '11529'},{'通辽': '11530'},{'科尔沁左翼中旗': '11531'},{'科尔沁左翼后旗': '11532'},{'开鲁': '11533'},{'库伦旗': '11534'},{'奈曼旗': '11535'},{'扎鲁特旗': '11536'},{'霍林郭勒': '11537'},{'舍伯吐': '11538'},{'巴雅尔吐胡硕': '11539'},{'青龙山': '11540'},{'鄂尔多斯': '11541'},{'东胜': '11542'},{'达拉特旗': '11543'},{'准格尔旗': '11544'},{'鄂托克前旗': '11545'},{'鄂托克旗': '11546'},{'杭锦旗': '11547'},{'乌审旗': '11548'},{'伊金霍洛旗': '11549'},{'乌审召': '11550'},{'伊克乌素': '11551'},{'呼伦贝尔': '11552'},{'海拉尔': '11553'},{'阿荣旗': '11554'},{'莫力达瓦旗': '11555'},{'鄂伦春旗': '11556'},{'鄂温克旗': '11557'},{'陈巴尔虎旗': '11558'},{'新巴尔虎左旗': '11559'},{'新巴尔虎右旗': '11560'},{'满洲里': '11561'},{'牙克石': '11562'},{'扎兰屯': '11563'},{'额尔古纳': '11564'},{'根河': '11565'},{'博克图': '11566'},{'小二沟': '11567'},{'图里河': '11568'},{'巴彦淖尔': '11569'},{'临河': '11570'},{'五原': '11571'},{'磴口': '11572'},{'乌拉特前旗': '11573'},{'乌拉特中旗': '11574'},{'乌拉特后旗': '11575'},{'杭锦后旗': '11576'},{'海力素': '11577'},{'那仁宝力格': '11578'},{'大佘太': '11579'},{'乌兰察布': '11580'},{'集宁': '11581'},{'卓资': '11582'},{'化德': '11583'},{'商都': '11584'},{'兴和': '11585'},{'凉城': '11586'},{'察哈尔右翼前旗': '11587'},{'察哈尔右翼中旗': '11588'},{'察哈尔右翼后旗': '11589'},{'四子王旗': '11590'},{'丰镇': '11591'},{'兴安盟': '11592'},{'乌兰浩特': '11593'},{'阿尔山': '11594'},{'科尔沁右翼中旗': '11595'},{'扎赉特旗': '11596'},{'突泉': '11597'},{'胡尔勒': '11598'},{'索伦': '11599'},{'锡林郭勒': '115100'},{'二连浩特': '115101'},{'锡林浩特': '115102'},{'阿巴嘎旗': '115103'},{'苏尼特左旗': '115104'},{'苏尼特右旗': '115105'},{'东乌珠穆沁旗': '115106'},{'西乌珠穆沁旗': '115107'},{'太仆寺旗': '115108'},{'镶黄旗': '115109'},{'正镶白旗': '115110'},{'多伦': '115111'},{'朱日和': '115112'},{'乌拉盖': '115113'},{'阿拉善盟': '115114'},{'阿拉善左旗': '115115'},{'阿拉善右旗': '115116'},{'额济纳旗': '115117'},{'拐子湖': '115118'},{'吉兰太': '115119'},{'巴彦诺尔贡': '115120'},{'孪井滩': '115121'},{'乌斯太': '115122'},{'雅布赖': '115123'}
{'辽宁': 116},{'沈阳': '1161'},{'辽中': '1162'},{'康平': '1163'},{'法库': '1164'},{'新民': '1165'},{'大连': '1166'},{'旅顺': '1167'},{'金州': '1168'},{'长海': '1169'},{'瓦房店': '11610'},{'普兰店': '11611'},{'庄河': '11612'},{'鞍山': '11613'},{'台安': '11614'},{'岫岩': '11615'},{'海城': '11616'},{'抚顺': '11617'},{'新宾': '11618'},{'清原': '11619'},{'本溪': '11620'},{'本溪县': '11621'},{'桓仁': '11622'},{'丹东': '11623'},{'宽甸': '11624'},{'东港': '11625'},{'凤城': '11626'},{'锦州': '11627'},{'黑山': '11628'},{'义县': '11629'},{'凌海': '11630'},{'北镇': '11631'},{'营口': '11632'},{'盖州': '11633'},{'大石桥': '11634'},{'阜新': '11635'},{'太平': '11636'},{'彰武': '11637'},{'辽阳': '11638'},{'灯塔': '11639'},{'辽阳县': '11640'},{'盘锦': '11641'},{'大洼': '11642'},{'盘山': '11643'},{'昌图': '11644'},{'铁岭': '11645'},{'西丰': '11646'},{'开原': '11647'},{'朝阳': '11648'},{'建平': '11649'},{'北票': '11650'},{'凌源': '11651'},{'喀左': '11652'},{'葫芦岛': '11653'},{'绥中': '11654'},{'建昌': '11655'},{'兴城': '11656'}
{'北京': 111},{'北京': '1111'},{'门头沟': '1112'},{'房山': '1113'},{'通州': '1114'},{'顺义': '1115'},{'昌平': '1116'},{'大兴': '1117'},{'怀柔': '1118'},{'平谷': '1119'},{'密云': '11110'},{'延庆': '11111'}
{'天津': 112},{'天津': '1121'},{'塘沽': '1122'},{'汉沽': '1123'},{'大港': '1124'},{'东丽': '1125'},{'西青': '1126'},{'津南': '1127'},{'北辰': '1128'},{'武清': '1129'},{'宝坻': '11210'},{'宁河': '11211'},{'静海': '11212'},{'蓟县': '11213'}
{'河北': 113},{'石家庄': '1131'},{'井陉': '1132'},{'正定': '1133'},{'栾城': '1134'},{'行唐': '1135'},{'灵寿': '1136'},{'高邑': '1137'},{'深泽': '1138'},{'赞皇': '1139'},{'无极': '11310'},{'平山': '11311'},{'元氏': '11312'},{'赵县': '11313'},{'辛集': '11314'},{'藁城': '11315'},{'晋州': '11316'},{'新乐': '11317'},{'唐山': '11318'},{'丰南': '11319'},{'丰润': '11320'},{'曹妃甸': '11321'},{'滦县': '11322'},{'滦南': '11323'},{'乐亭': '11324'},{'迁西': '11325'},{'玉田': '11326'},{'唐海': '11327'},{'遵化': '11328'},{'迁安': '11329'},{'秦皇岛': '11330'},{'北戴河': '11331'},{'青龙': '11332'},{'昌黎': '11333'},{'抚宁': '11334'},{'卢龙': '11335'},{'邯郸': '11336'},{'峰峰': '11337'},{'临漳': '11338'},{'成安': '11339'},{'大名': '11340'},{'涉县': '11341'},{'磁县': '11342'},{'肥乡': '11343'},{'永年': '11344'},{'邱县': '11345'},{'鸡泽': '11346'},{'广平': '11347'},{'馆陶': '11348'},{'魏县': '11349'},{'曲周': '11350'},{'武安': '11351'},{'邢台': '11352'},{'临城': '11353'},{'内丘': '11354'},{'柏乡': '11355'},{'隆尧': '11356'},{'任县': '11357'},{'南和': '11358'},{'宁晋': '11359'},{'巨鹿': '11360'},{'新河': '11361'},{'广宗': '11362'},{'平乡': '11363'},{'威县': '11364'},{'清河': '11365'},{'临西': '11366'},{'南宫': '11367'},{'沙河': '11368'},{'保定': '11369'},{'满城': '11370'},{'阜平': '11371'},{'徐水': '11372'},{'唐县': '11373'},{'高阳': '11374'},{'容城': '11375'},{'涞源': '11376'},{'望都': '11377'},{'安新': '11378'},{'易县': '11379'},{'曲阳': '11380'},{'蠡县': '11381'},{'顺平': '11382'},{'雄县': '11383'},{'涿州': '11384'},{'定州': '11385'},{'安国': '11386'},{'高碑店': '11387'},{'张家口': '11388'},{'宣化': '11389'},{'张北': '11390'},{'康保': '11391'},{'沽源': '11392'},{'尚义': '11393'},{'蔚县': '11394'},{'阳原': '11395'},{'怀安': '11396'},{'万全': '11397'},{'怀来': '11398'},{'涿鹿': '11399'},{'赤城': '113100'},{'崇礼': '113101'},{'承德': '113102'},{'承德县': '113103'},{'兴隆': '113104'},{'平泉': '113105'},{'滦平': '113106'},{'隆化': '113107'},{'丰宁': '113108'},{'宽城': '113109'},{'围场': '113110'},{'沧州': '113111'},{'青县': '113112'},{'东光': '113113'},{'海兴': '113114'},{'盐山': '113115'},{'肃宁': '113116'},{'南皮': '113117'},{'吴桥': '113118'},{'献县': '113119'},{'孟村': '113120'},{'泊头': '113121'},{'任丘': '113122'},{'黄骅': '113123'},{'河间': '113124'},{'廊坊': '113125'},{'固安': '113126'},{'永清': '113127'},{'香河': '113128'},{'大城': '113129'},{'文安': '113130'},{'大厂': '113131'},{'霸州': '113132'},{'三河': '113133'},{'衡水': '113134'},{'枣强': '113135'},{'武邑': '113136'},{'武强': '113137'},{'饶阳': '113138'},{'安平': '113139'},{'故城': '113140'},{'景县': '113141'},{'阜城': '113142'},{'冀州': '113143'},{'深州': '113144'}
{'山西': 114},{'太原': '1141'},{'清徐': '1142'},{'阳曲': '1143'},{'娄烦': '1144'},{'大同': '1145'},{'阳高': '1146'},{'天镇': '1147'},{'广灵': '1148'},{'灵丘': '1149'},{'浑源': '11410'},{'左云': '11411'},{'大同县': '11412'},{'阳泉': '11413'},{'平定': '11414'},{'盂县': '11415'},{'长治': '11416'},{'襄垣': '11417'},{'屯留': '11418'},{'平顺': '11419'},{'黎城': '11420'},{'壶关': '11421'},{'长子': '11422'},{'武乡': '11423'},{'沁县': '11424'},{'沁源': '11425'},{'潞城': '11426'},{'晋城': '11427'},{'沁水': '11428'},{'阳城': '11429'},{'陵川': '11430'},{'高平': '11431'},{'朔州': '11432'},{'平鲁': '11433'},{'山阴': '11434'},{'应县': '11435'},{'右玉': '11436'},{'怀仁': '11437'},{'晋中': '11438'},{'榆社': '11439'},{'左权': '11440'},{'和顺': '11441'},{'昔阳': '11442'},{'寿阳': '11443'},{'祁县': '11444'},{'平遥': '11445'},{'灵石': '11446'},{'介休': '11447'},{'运城': '11448'},{'临猗': '11449'},{'万荣': '11450'},{'闻喜': '11451'},{'稷山': '11452'},{'新绛': '11453'},{'绛县': '11454'},{'垣曲': '11455'},{'夏县': '11456'},{'平陆': '11457'},{'芮城': '11458'},{'永济': '11459'},{'河津': '11460'},{'忻州': '11461'},{'五台山': '11462'},{'定襄': '11463'},{'五台': '11464'},{'代县': '11465'},{'繁峙': '11466'},{'宁武': '11467'},{'静乐': '11468'},{'神池': '11469'},{'五寨': '11470'},{'岢岚': '11471'},{'河曲': '11472'},{'保德': '11473'},{'偏关': '11474'},{'原平': '11475'},{'临汾': '11476'},{'曲沃': '11477'},{'翼城': '11478'},{'襄汾': '11479'},{'洪洞': '11480'},{'古县': '11481'},{'安泽': '11482'},{'浮山': '11483'},{'吉县': '11484'},{'乡宁': '11485'},{'大宁': '11486'},{'隰县': '11487'},{'永和': '11488'},{'蒲县': '11489'},{'汾西': '11490'},{'侯马': '11491'},{'霍州': '11492'},{'吕梁': '11493'},{'孝义': '11494'},{'汾阳': '11495'},{'文水': '11496'},{'交城': '11497'},{'兴县': '11498'},{'临县': '11499'},{'柳林': '114100'},{'石楼': '114101'},{'岚县': '114102'},{'方山': '114103'},{'中阳': '114104'},{'交口': '114105'}
{'内蒙古': 115},{'呼和浩特': '1151'},{'土默特左旗': '1152'},{'托克托': '1153'},{'和林格尔': '1154'},{'清水河': '1155'},{'武川': '1156'},{'包头': '1157'},{'白云鄂博': '1158'},{'土默特右旗': '1159'},{'固阳': '11510'},{'达尔罕茂明安联合旗': '11511'},{'满都拉': '11512'},{'希拉穆仁': '11513'},{'乌海': '11514'},{'赤峰': '11515'},{'阿鲁科尔沁旗': '11516'},{'巴林左旗': '11517'},{'巴林右旗': '11518'},{'林西': '11519'},{'克什克腾旗': '11520'},{'翁牛特旗': '11521'},{'喀喇沁旗': '11522'},{'宁城': '11523'},{'敖汉旗': '11524'},{'浩尔吐': '11525'},{'八里罕': '11526'},{'宝国图': '11527'},{'岗子': '11528'},{'高力板': '11529'},{'通辽': '11530'},{'科尔沁左翼中旗': '11531'},{'科尔沁左翼后旗': '11532'},{'开鲁': '11533'},{'库伦旗': '11534'},{'奈曼旗': '11535'},{'扎鲁特旗': '11536'},{'霍林郭勒': '11537'},{'舍伯吐': '11538'},{'巴雅尔吐胡硕': '11539'},{'青龙山': '11540'},{'鄂尔多斯': '11541'},{'东胜': '11542'},{'达拉特旗': '11543'},{'准格尔旗': '11544'},{'鄂托克前旗': '11545'},{'鄂托克旗': '11546'},{'杭锦旗': '11547'},{'乌审旗': '11548'},{'伊金霍洛旗': '11549'},{'乌审召': '11550'},{'伊克乌素': '11551'},{'呼伦贝尔': '11552'},{'海拉尔': '11553'},{'阿荣旗': '11554'},{'莫力达瓦旗': '11555'},{'鄂伦春旗': '11556'},{'鄂温克旗': '11557'},{'陈巴尔虎旗': '11558'},{'新巴尔虎左旗': '11559'},{'新巴尔虎右旗': '11560'},{'满洲里': '11561'},{'牙克石': '11562'},{'扎兰屯': '11563'},{'额尔古纳': '11564'},{'根河': '11565'},{'博克图': '11566'},{'小二沟': '11567'},{'图里河': '11568'},{'巴彦淖尔': '11569'},{'临河': '11570'},{'五原': '11571'},{'磴口': '11572'},{'乌拉特前旗': '11573'},{'乌拉特中旗': '11574'},{'乌拉特后旗': '11575'},{'杭锦后旗': '11576'},{'海力素': '11577'},{'那仁宝力格': '11578'},{'大佘太': '11579'},{'乌兰察布': '11580'},{'集宁': '11581'},{'卓资': '11582'},{'化德': '11583'},{'商都': '11584'},{'兴和': '11585'},{'凉城': '11586'},{'察哈尔右翼前旗': '11587'},{'察哈尔右翼中旗': '11588'},{'察哈尔右翼后旗': '11589'},{'四子王旗': '11590'},{'丰镇': '11591'},{'兴安盟': '11592'},{'乌兰浩特': '11593'},{'阿尔山': '11594'},{'科尔沁右翼中旗': '11595'},{'扎赉特旗': '11596'},{'突泉': '11597'},{'胡尔勒': '11598'},{'索伦': '11599'},{'锡林郭勒': '115100'},{'二连浩特': '115101'},{'锡林浩特': '115102'},{'阿巴嘎旗': '115103'},{'苏尼特左旗': '115104'},{'苏尼特右旗': '115105'},{'东乌珠穆沁旗': '115106'},{'西乌珠穆沁旗': '115107'},{'太仆寺旗': '115108'},{'镶黄旗': '115109'},{'正镶白旗': '115110'},{'多伦': '115111'},{'朱日和': '115112'},{'乌拉盖': '115113'},{'阿拉善盟': '115114'},{'阿拉善左旗': '115115'},{'阿拉善右旗': '115116'},{'额济纳旗': '115117'},{'拐子湖': '115118'},{'吉兰太': '115119'},{'巴彦诺尔贡': '115120'},{'孪井滩': '115121'},{'乌斯太': '115122'},{'雅布赖': '115123'}
{'辽宁': 116},{'沈阳': '1161'},{'辽中': '1162'},{'康平': '1163'},{'法库': '1164'},{'新民': '1165'},{'大连': '1166'},{'旅顺': '1167'},{'金州': '1168'},{'长海': '1169'},{'瓦房店': '11610'},{'普兰店': '11611'},{'庄河': '11612'},{'鞍山': '11613'},{'台安': '11614'},{'岫岩': '11615'},{'海城': '11616'},{'抚顺': '11617'},{'新宾': '11618'},{'清原': '11619'},{'本溪': '11620'},{'本溪县': '11621'},{'桓仁': '11622'},{'丹东': '11623'},{'宽甸': '11624'},{'东港': '11625'},{'凤城': '11626'},{'锦州': '11627'},{'黑山': '11628'},{'义县': '11629'},{'凌海': '11630'},{'北镇': '11631'},{'营口': '11632'},{'盖州': '11633'},{'大石桥': '11634'},{'阜新': '11635'},{'太平': '11636'},{'彰武': '11637'},{'辽阳': '11638'},{'灯塔': '11639'},{'辽阳县': '11640'},{'盘锦': '11641'},{'大洼': '11642'},{'盘山': '11643'},{'昌图': '11644'},{'铁岭': '11645'},{'西丰': '11646'},{'开原': '11647'},{'朝阳': '11648'},{'建平': '11649'},{'北票': '11650'},{'凌源': '11651'},{'喀左': '11652'},{'葫芦岛': '11653'},{'绥中': '11654'},{'建昌': '11655'},{'兴城': '11656'}
{'吉林': 117},{'长春': '1171'},{'双阳': '1172'},{'农安': '1173'},{'九台': '1174'},{'榆树': '1175'},{'德惠': '1176'},{'吉林': '1177'},{'永吉': '1178'},{'蛟河': '1179'},{'桦甸': '11710'},{'舒兰': '11711'},{'磐石': '11712'},{'四平': '11713'},{'梨树': '11714'},{'伊通': '11715'},{'公主岭': '11716'},{'双辽': '11717'},{'辽源': '11718'},{'东丰': '11719'},{'通化': '11720'},{'通化县': '11721'},{'辉南': '11722'},{'柳河': '11723'},{'梅河口': '11724'},{'集安': '11725'},{'白山': '11726'},{'靖宇': '11727'},{'长白': '11728'},{'临江': '11729'},{'东岗': '11730'},{'松原': '11731'},{'前郭': '11732'},{'长岭': '11733'},{'乾安': '11734'},{'扶余': '11735'},{'白城': '11736'},{'镇赉': '11737'},{'通榆': '11738'},{'洮南': '11739'},{'大安': '11740'},{'延边': '11741'},{'延吉': '11742'},{'图们': '11743'},{'敦化': '11744'},{'珲春': '11745'},{'龙井': '11746'},{'和龙': '11747'},{'汪清': '11748'},{'安图': '11749'}
{'黑龙江': 118},{'哈尔滨': '1181'},{'呼兰': '1182'},{'阿城': '1183'},{'依兰': '1184'},{'方正': '1185'},{'宾县': '1186'},{'木兰': '1187'},{'通河': '1188'},{'延寿': '1189'},{'双城': '11810'},{'尚志': '11811'},{'五常': '11812'},{'齐齐哈尔': '11813'},{'龙江': '11814'},{'依安': '11815'},{'泰来': '11816'},{'甘南': '11817'},{'富裕': '11818'},{'克山': '11819'},{'克东': '11820'},{'拜泉': '11821'},{'讷河': '11822'},{'鸡西': '11823'},{'鸡东': '11824'},{'虎林': '11825'},{'密山': '11826'},{'鹤岗': '11827'},{'萝北': '11828'},{'绥滨': '11829'},{'双鸭山': '11830'},{'集贤': '11831'},{'宝清': '11832'},{'饶河': '11833'},{'大庆': '11834'},{'肇州': '11835'},{'肇源': '11836'},{'林甸': '11837'},{'杜尔伯特': '11838'},{'杜蒙': '11839'},{'伊春': '11840'},{'五营': '11841'},{'乌伊岭': '11842'},{'嘉荫': '11843'},{'铁力': '11844'},{'佳木斯': '11845'},{'桦南': '11846'},{'桦川': '11847'},{'汤原': '11848'},{'抚远': '11849'},{'同江': '11850'},{'富锦': '11851'},{'七台河': '11852'},{'勃利': '11853'},{'牡丹江': '11854'},{'东宁': '11855'},{'林口': '11856'},{'绥芬河': '11857'},{'海林': '11858'},{'宁安': '11859'},{'穆棱': '11860'},{'黑河': '11861'},{'嫩江': '11862'},{'逊克': '11863'},{'孙吴': '11864'},{'北安': '11865'},{'五大连池': '11866'},{'绥化': '11867'},{'望奎': '11868'},{'兰西': '11869'},{'青冈': '11870'},{'庆安': '11871'},{'明水': '11872'},{'绥棱': '11873'},{'安达': '11874'},{'肇东': '11875'},{'海伦': '11876'},{'大兴安岭': '11877'},{'新林': '11878'},{'呼玛': '11879'},{'塔河': '11880'},{'漠河': '11881'},{'加格达奇': '11882'},{'呼中': '11883'}
{'上海': 119},{'上海': '1191'},{'闵行': '1192'},{'宝山': '1193'},{'嘉定': '1194'},{'浦东': '1195'},{'金山': '1196'},{'松江': '1197'},{'青浦': '1198'},{'南汇': '1199'},{'奉贤': '11910'},{'崇明': '11911'}
{'江苏': 120},{'南京': '1201'},{'浦口': '1202'},{'江宁': '1203'},{'六合': '1204'},{'溧水': '1205'},{'高淳': '1206'},{'无锡': '1207'},{'江阴': '1208'},{'宜兴': '1209'},{'徐州': '12010'},{'丰县': '12011'},{'沛县': '12012'},{'睢宁': '12013'},{'新沂': '12014'},{'邳州': '12015'},{'常州': '12016'},{'溧阳': '12017'},{'金坛': '12018'},{'苏州': '12019'},{'常熟': '12020'},{'张家港': '12021'},{'昆山': '12022'},{'吴江': '12023'},{'太仓': '12024'},{'南通': '12025'},{'海安': '12026'},{'如东': '12027'},{'启东': '12028'},{'如皋': '12029'},{'海门': '12030'},{'连云港': '12031'},{'赣榆': '12032'},{'东海': '12033'},{'灌云': '12034'},{'灌南': '12035'},{'淮安': '12036'},{'涟水': '12037'},{'洪泽': '12038'},{'盱眙': '12039'},{'金湖': '12040'},{'盐城': '12041'},{'响水': '12042'},{'滨海': '12043'},{'阜宁': '12044'},{'射阳': '12045'},{'建湖': '12046'},{'东台': '12047'},{'大丰': '12048'},{'扬州': '12049'},{'宝应': '12050'},{'仪征': '12051'},{'高邮': '12052'},{'江都': '12053'},{'镇江': '12054'},{'丹阳': '12055'},{'扬中': '12056'},{'句容': '12057'},{'泰州': '12058'},{'兴化': '12059'},{'靖江': '12060'},{'泰兴': '12061'},{'姜堰': '12062'},{'宿迁': '12063'},{'沭阳': '12064'},{'泗阳': '12065'},{'泗洪': '12066'}
{'浙江': 121},{'杭州': '1211'},{'萧山': '1212'},{'桐庐': '1213'},{'淳安': '1214'},{'建德': '1215'},{'富阳': '1216'},{'临安': '1217'},{'宁波': '1218'},{'北仑': '1219'},{'镇海': '12110'},{'鄞州': '12111'},{'象山': '12112'},{'宁海': '12113'},{'余姚': '12114'},{'慈溪': '12115'},{'奉化': '12116'},{'温州': '12117'},{'洞头': '12118'},{'永嘉': '12119'},{'平阳': '12120'},{'文成': '12121'},{'泰顺': '12122'},{'瑞安': '12123'},{'乐清': '12124'},{'嘉兴': '12125'},{'嘉善': '12126'},{'海盐': '12127'},{'海宁': '12128'},{'平湖': '12129'},{'桐乡': '12130'},{'湖州': '12131'},{'德清': '12132'},{'长兴': '12133'},{'安吉': '12134'},{'绍兴': '12135'},{'新昌': '12136'},{'诸暨': '12137'},{'上虞': '12138'},{'嵊州': '12139'},{'金华': '12140'},{'武义': '12141'},{'浦江': '12142'},{'兰溪': '12143'},{'义乌': '12144'},{'东阳': '12145'},{'永康': '12146'},{'衢州': '12147'},{'常山': '12148'},{'开化': '12149'},{'龙游': '12150'},{'江山': '12151'},{'舟山': '12152'},{'定海': '12153'},{'普陀': '12154'},{'岱山': '12155'},{'嵊泗': '12156'},{'台州': '12157'},{'洪家': '12158'},{'玉环': '12159'},{'天台': '12160'},{'仙居': '12161'},{'温岭': '12162'},{'临海': '12163'},{'丽水': '12164'},{'青田': '12165'},{'缙云': '12166'},{'遂昌': '12167'},{'云和': '12168'},{'庆元': '12169'},{'龙泉': '12170'}
{'安徽': 122},{'合肥': '1221'},{'长丰': '1222'},{'肥东': '1223'},{'肥西': '1224'},{'芜湖': '1225'},{'芜湖县': '1226'},{'繁昌': '1227'},{'南陵': '1228'},{'蚌埠': '1229'},{'怀远': '12210'},{'五河': '12211'},{'固镇': '12212'},{'淮南': '12213'},{'凤台': '12214'},{'马鞍山': '12215'},{'当涂': '12216'},{'淮北': '12217'},{'濉溪': '12218'},{'铜陵': '12219'},{'安庆': '12220'},{'怀宁': '12221'},{'枞阳': '12222'},{'潜山': '12223'},{'太湖': '12224'},{'宿松': '12225'},{'望江': '12226'},{'岳西': '12227'},{'桐城': '12228'},{'黄山': '12229'},{'屯溪': '12230'},{'黄山风景区': '12231'},{'歙县': '12232'},{'休宁': '12233'},{'黟县': '12234'},{'祁门': '12235'},{'滁州': '12236'},{'来安': '12237'},{'全椒': '12238'},{'定远': '12239'},{'凤阳': '12240'},{'天长': '12241'},{'明光': '12242'},{'阜阳': '12243'},{'临泉': '12244'},{'太和': '12245'},{'阜南': '12246'},{'颍上': '12247'},{'界首': '12248'},{'宿州': '12249'},{'砀山': '12250'},{'萧县': '12251'},{'灵璧': '12252'},{'泗县': '12253'},{'巢湖': '12254'},{'庐江': '12255'},{'无为': '12256'},{'含山': '12257'},{'和县': '12258'},{'六安': '12259'},{'寿县': '12260'},{'霍邱': '12261'},{'舒城': '12262'},{'金寨': '12263'},{'霍山': '12264'},{'亳州': '12265'},{'涡阳': '12266'},{'蒙城': '12267'},{'利辛': '12268'},{'池州': '12269'},{'贵池': '12270'},{'九华山': '12271'},{'东至': '12272'},{'石台': '12273'},{'青阳': '12274'},{'宣城': '12275'},{'郎溪': '12276'},{'广德': '12277'},{'泾县': '12278'},{'绩溪': '12279'},{'旌德': '12280'},{'宁国': '12281'}
{'福建': 123},{'福州': '1231'},{'闽侯': '1232'},{'连江': '1233'},{'罗源': '1234'},{'闽清': '1235'},{'永泰': '1236'},{'平潭': '1237'},{'福清': '1238'},{'长乐': '1239'},{'厦门': '12310'},{'同安': '12311'},{'莆田': '12312'},{'秀屿': '12313'},{'仙游': '12314'},{'秀屿港': '12315'},{'三明': '12316'},{'明溪': '12317'},{'清流': '12318'},{'宁化': '12319'},{'大田': '12320'},{'尤溪': '12321'},{'沙县': '12322'},{'将乐': '12323'},{'泰宁': '12324'},{'建宁': '12325'},{'永安': '12326'},{'泉州': '12327'},{'安溪': '12328'},{'永春': '12329'},{'德化': '12330'},{'晋江': '12331'},{'南安': '12332'},{'崇武': '12333'},{'漳州': '12334'},{'云霄': '12335'},{'漳浦': '12336'},{'诏安': '12337'},{'长泰': '12338'},{'东山': '12339'},{'南靖': '12340'},{'平和': '12341'},{'华安': '12342'},{'龙海': '12343'},{'南平': '12344'},{'顺昌': '12345'},{'浦城': '12346'},{'光泽': '12347'},{'松溪': '12348'},{'政和': '12349'},{'邵武': '12350'},{'武夷山': '12351'},{'建瓯': '12352'},{'建阳': '12353'},{'龙岩': '12354'},{'长汀': '12355'},{'永定': '12356'},{'上杭': '12357'},{'武平': '12358'},{'连城': '12359'},{'漳平': '12360'},{'宁德': '12361'},{'霞浦': '12362'},{'古田': '12363'},{'屏南': '12364'},{'寿宁': '12365'},{'周宁': '12366'},{'柘荣': '12367'},{'福安': '12368'},{'福鼎': '12369'}
{'江西': 124},{'南昌': '1241'},{'新建': '1242'},{'安义': '1243'},{'进贤': '1244'},{'南昌县': '1245'},{'景德镇': '1246'},{'乐平': '1247'},{'萍乡': '1248'},{'莲花': '1249'},{'九江': '12410'},{'庐山': '12411'},{'武宁': '12412'},{'修水': '12413'},{'永修': '12414'},{'德安': '12415'},{'星子': '12416'},{'都昌': '12417'},{'湖口': '12418'},{'彭泽': '12419'},{'瑞昌': '12420'},{'新余': '12421'},{'分宜': '12422'},{'鹰潭': '12423'},{'余江': '12424'},{'贵溪': '12425'},{'赣州': '12426'},{'信丰': '12427'},{'大余': '12428'},{'上犹': '12429'},{'崇义': '12430'},{'安远': '12431'},{'龙南': '12432'},{'定南': '12433'},{'全南': '12434'},{'宁都': '12435'},{'于都': '12436'},{'兴国': '12437'},{'会昌': '12438'},{'寻乌': '12439'},{'石城': '12440'},{'瑞金': '12441'},{'南康': '12442'},{'吉安': '12443'},{'吉水': '12444'},{'峡江': '12445'},{'新干': '12446'},{'永丰': '12447'},{'泰和': '12448'},{'遂川': '12449'},{'万安': '12450'},{'安福': '12451'},{'永新': '12452'},{'井冈山': '12453'},{'宁冈': '12454'},{'宜春': '12455'},{'丰城': '12456'},{'奉新': '12457'},{'万载': '12458'},{'上高': '12459'},{'宜丰': '12460'},{'靖安': '12461'},{'铜鼓': '12462'},{'樟树': '12463'},{'高安': '12464'},{'抚州': '12465'},{'南城': '12466'},{'黎川': '12467'},{'南丰': '12468'},{'崇仁': '12469'},{'乐安': '12470'},{'宜黄': '12471'},{'金溪': '12472'},{'资溪': '12473'},{'东乡': '12474'},{'广昌': '12475'},{'上饶': '12476'},{'广丰': '12477'},{'玉山': '12478'},{'铅山': '12479'},{'横峰': '12480'},{'弋阳': '12481'},{'余干': '12482'},{'鄱阳': '12483'},{'万年': '12484'},{'婺源': '12485'},{'德兴': '12486'},{'上饶县': '12487'}
{'山东': 125},{'济南': '1251'},{'长清': '1252'},{'平阴': '1253'},{'济阳': '1254'},{'商河': '1255'},{'章丘': '1256'},{'青岛': '1257'},{'崂山': '1258'},{'胶州': '1259'},{'即墨': '12510'},{'平度': '12511'},{'胶南': '12512'},{'莱西': '12513'},{'淄博': '12514'},{'淄川': '12515'},{'博山': '12516'},{'临淄': '12517'},{'周村': '12518'},{'桓台': '12519'},{'高青': '12520'},{'沂源': '12521'},{'枣庄': '12522'},{'薛城': '12523'},{'峄城': '12524'},{'台儿庄': '12525'},{'滕州': '12526'},{'东营': '12527'},{'河口': '12528'},{'垦利': '12529'},{'利津': '12530'},{'广饶': '12531'},{'烟台': '12532'},{'福山': '12533'},{'牟平': '12534'},{'长岛': '12535'},{'龙口': '12536'},{'莱阳': '12537'},{'莱州': '12538'},{'蓬莱': '12539'},{'招远': '12540'},{'栖霞': '12541'},{'海阳': '12542'},{'潍坊': '12543'},{'临朐': '12544'},{'昌乐': '12545'},{'青州': '12546'},{'诸城': '12547'},{'寿光': '12548'},{'安丘': '12549'},{'高密': '12550'},{'昌邑': '12551'},{'济宁': '12552'},{'微山': '12553'},{'鱼台': '12554'},{'金乡': '12555'},{'嘉祥': '12556'},{'汶上': '12557'},{'泗水': '12558'},{'梁山': '12559'},{'曲阜': '12560'},{'兖州': '12561'},{'邹城': '12562'},{'泰安': '12563'},{'宁阳': '12564'},{'东平': '12565'},{'新泰': '12566'},{'肥城': '12567'},{'威海': '12568'},{'文登': '12569'},{'荣成': '12570'},{'乳山': '12571'},{'成山头': '12572'},{'日照': '12573'},{'五莲': '12574'},{'莒县': '12575'},{'莱芜': '12576'},{'临沂': '12577'},{'沂南': '12578'},{'郯城': '12579'},{'沂水': '12580'},{'苍山': '12581'},{'费县': '12582'},{'平邑': '12583'},{'莒南': '12584'},{'蒙阴': '12585'},{'临沭': '12586'},{'德州': '12587'},{'陵县': '12588'},{'宁津': '12589'},{'庆云': '12590'},{'临邑': '12591'},{'齐河': '12592'},{'平原': '12593'},{'夏津': '12594'},{'武城': '12595'},{'乐陵': '12596'},{'禹城': '12597'},{'聊城': '12598'},{'阳谷': '12599'},{'莘县': '125100'},{'茌平': '125101'},{'东阿': '125102'},{'冠县': '125103'},{'高唐': '125104'},{'临清': '125105'},{'滨州': '125106'},{'惠民': '125107'},{'阳信': '125108'},{'无棣': '125109'},{'沾化': '125110'},{'博兴': '125111'},{'邹平': '125112'},{'菏泽': '125113'},{'曹县': '125114'},{'单县': '125115'},{'成武': '125116'},{'巨野': '125117'},{'郓城': '125118'},{'鄄城': '125119'},{'定陶': '125120'},{'东明': '125121'}
{'河南': 126},{'郑州': '1261'},{'中牟': '1262'},{'巩义': '1263'},{'荥阳': '1264'},{'新密': '1265'},{'新郑': '1266'},{'登封': '1267'},{'开封': '1268'},{'杞县': '1269'},{'通许': '12610'},{'尉氏': '12611'},{'兰考': '12612'},{'洛阳': '12613'},{'孟津': '12614'},{'新安': '12615'},{'栾川': '12616'},{'嵩县': '12617'},{'汝阳': '12618'},{'宜阳': '12619'},{'洛宁': '12620'},{'伊川': '12621'},{'偃师': '12622'},{'平顶山': '12623'},{'宝丰': '12624'},{'叶县': '12625'},{'鲁山': '12626'},{'郏县': '12627'},{'舞钢': '12628'},{'汝州': '12629'},{'安阳': '12630'},{'汤阴': '12631'},{'滑县': '12632'},{'内黄': '12633'},{'林州': '12634'},{'鹤壁': '12635'},{'浚县': '12636'},{'淇县': '12637'},{'新乡': '12638'},{'获嘉': '12639'},{'原阳': '12640'},{'延津': '12641'},{'封丘': '12642'},{'长垣': '12643'},{'卫辉': '12644'},{'辉县': '12645'},{'焦作': '12646'},{'修武': '12647'},{'博爱': '12648'},{'武陟': '12649'},{'温县': '12650'},{'济源': '12651'},{'沁阳': '12652'},{'孟州': '12653'},{'濮阳': '12654'},{'清丰': '12655'},{'南乐': '12656'},{'范县': '12657'},{'台前': '12658'},{'许昌': '12659'},{'鄢陵': '12660'},{'襄城': '12661'},{'禹州': '12662'},{'长葛': '12663'},{'漯河': '12664'},{'舞阳': '12665'},{'临颍': '12666'},{'三门峡': '12667'},{'渑池': '12668'},{'卢氏': '12669'},{'灵宝': '12670'},{'南阳': '12671'},{'南召': '12672'},{'方城': '12673'},{'西峡': '12674'},{'镇平': '12675'},{'内乡': '12676'},{'淅川': '12677'},{'社旗': '12678'},{'唐河': '12679'},{'新野': '12680'},{'桐柏': '12681'},{'邓州': '12682'},{'商丘': '12683'},{'民权': '12684'},{'睢县': '12685'},{'宁陵': '12686'},{'柘城': '12687'},{'虞城': '12688'},{'夏邑': '12689'},{'永城': '12690'},{'信阳': '12691'},{'罗山': '12692'},{'光山': '12693'},{'新县': '12694'},{'商城': '12695'},{'固始': '12696'},{'潢川': '12697'},{'淮滨': '12698'},{'息县': '12699'},{'周口': '126100'},{'扶沟': '126101'},{'西华': '126102'},{'商水': '126103'},{'沈丘': '126104'},{'郸城': '126105'},{'淮阳': '126106'},{'太康': '126107'},{'鹿邑': '126108'},{'项城': '126109'},{'驻马店': '126110'},{'西平': '126111'},{'上蔡': '126112'},{'平舆': '126113'},{'正阳': '126114'},{'确山': '126115'},{'泌阳': '126116'},{'汝南': '126117'},{'遂平': '126118'},{'新蔡': '126119'}
{'湖北': 127},{'武汉': '1271'},{'汉阳': '1272'},{'武昌': '1273'},{'蔡甸': '1274'},{'江夏': '1275'},{'黄陂': '1276'},{'新洲': '1277'},{'黄石': '1278'},{'阳新': '1279'},{'大冶': '12710'},{'十堰': '12711'},{'郧县': '12712'},{'郧西': '12713'},{'竹山': '12714'},{'竹溪': '12715'},{'房县': '12716'},{'丹江口': '12717'},{'宜昌': '12718'},{'夷陵': '12719'},{'远安': '12720'},{'兴山': '12721'},{'秭归': '12722'},{'长阳': '12723'},{'五峰': '12724'},{'宜都': '12725'},{'当阳': '12726'},{'枝江': '12727'},{'三峡': '12728'},{'襄阳': '12729'},{'南漳': '12730'},{'谷城': '12731'},{'保康': '12732'},{'老河口': '12733'},{'枣阳': '12734'},{'宜城': '12735'},{'鄂州': '12736'},{'荆门': '12737'},{'京山': '12738'},{'钟祥': '12739'},{'孝感': '12740'},{'大悟': '12741'},{'云梦': '12742'},{'应城': '12743'},{'安陆': '12744'},{'汉川': '12745'},{'荆州': '12746'},{'公安': '12747'},{'监利': '12748'},{'石首': '12749'},{'洪湖': '12750'},{'松滋': '12751'},{'黄冈': '12752'},{'红安': '12753'},{'罗田': '12754'},{'英山': '12755'},{'浠水': '12756'},{'蕲春': '12757'},{'黄梅': '12758'},{'麻城': '12759'},{'武穴': '12760'},{'咸宁': '12761'},{'嘉鱼': '12762'},{'通城': '12763'},{'崇阳': '12764'},{'通山': '12765'},{'赤壁': '12766'},{'随州': '12767'},{'广水': '12768'},{'恩施': '12769'},{'利川': '12770'},{'建始': '12771'},{'巴东': '12772'},{'宣恩': '12773'},{'咸丰': '12774'},{'来凤': '12775'},{'鹤峰': '12776'},{'仙桃': '12777'},{'潜江': '12778'},{'天门': '12779'},{'神农架': '12780'}
{'湖南': 128},{'长沙': '1281'},{'宁乡': '1282'},{'浏阳': '1283'},{'株洲': '1284'},{'攸县': '1285'},{'茶陵': '1286'},{'炎陵': '1287'},{'醴陵': '1288'},{'湘潭': '1289'},{'湘乡': '12810'},{'韶山': '12811'},{'衡阳': '12812'},{'南岳': '12813'},{'衡南': '12814'},{'衡山': '12815'},{'衡东': '12816'},{'祁东': '12817'},{'耒阳': '12818'},{'常宁': '12819'},{'衡阳县': '12820'},{'邵阳': '12821'},{'邵东': '12822'},{'新邵': '12823'},{'隆回': '12824'},{'洞口': '12825'},{'绥宁': '12826'},{'新宁': '12827'},{'城步': '12828'},{'武冈': '12829'},{'邵阳县': '12830'},{'岳阳': '12831'},{'华容': '12832'},{'湘阴': '12833'},{'平江': '12834'},{'汨罗': '12835'},{'临湘': '12836'},{'常德': '12837'},{'安乡': '12838'},{'汉寿': '12839'},{'澧县': '12840'},{'临澧': '12841'},{'桃源': '12842'},{'石门': '12843'},{'张家界': '12844'},{'慈利': '12845'},{'桑植': '12846'},{'益阳': '12847'},{'南县': '12848'},{'桃江': '12849'},{'安化': '12850'},{'沅江': '12851'},{'郴州': '12852'},{'桂阳': '12853'},{'宜章': '12854'},{'永兴': '12855'},{'嘉禾': '12856'},{'临武': '12857'},{'汝城': '12858'},{'桂东': '12859'},{'安仁': '12860'},{'资兴': '12861'},{'永州': '12862'},{'零陵': '12863'},{'冷水滩': '12864'},{'祁阳': '12865'},{'东安': '12866'},{'双牌': '12867'},{'道县': '12868'},{'江永': '12869'},{'宁远': '12870'},{'蓝山': '12871'},{'新田': '12872'},{'江华': '12873'},{'怀化': '12874'},{'沅陵': '12875'},{'辰溪': '12876'},{'溆浦': '12877'},{'会同': '12878'},{'麻阳': '12879'},{'新晃': '12880'},{'芷江': '12881'},{'靖州': '12882'},{'通道': '12883'},{'洪江': '12884'},{'娄底': '12885'},{'双峰': '12886'},{'新化': '12887'},{'冷水江': '12888'},{'涟源': '12889'},{'湘西': '12890'},{'吉首': '12891'},{'泸溪': '12892'},{'凤凰': '12893'},{'花垣': '12894'},{'保靖': '12895'},{'古丈': '12896'},{'永顺': '12897'},{'龙山': '12898'}
{'广东': 129},{'广州': '1291'},{'番禺': '1292'},{'花都': '1293'},{'增城': '1294'},{'从化': '1295'},{'韶关': '1296'},{'曲江': '1297'},{'始兴': '1298'},{'仁化': '1299'},{'翁源': '12910'},{'乳源': '12911'},{'新丰': '12912'},{'乐昌': '12913'},{'南雄': '12914'},{'深圳': '12915'},{'珠海': '12916'},{'斗门': '12917'},{'汕头': '12918'},{'潮阳': '12919'},{'澄海': '12920'},{'南澳': '12921'},{'佛山': '12922'},{'南海': '12923'},{'顺德': '12924'},{'三水': '12925'},{'江门': '12926'},{'新会': '12927'},{'台山': '12928'},{'开平': '12929'},{'鹤山': '12930'},{'恩平': '12931'},{'湛江': '12932'},{'遂溪': '12933'},{'徐闻': '12934'},{'廉江': '12935'},{'雷州': '12936'},{'吴川': '12937'},{'茂名': '12938'},{'电白': '12939'},{'高州': '12940'},{'化州': '12941'},{'信宜': '12942'},{'肇庆': '12943'},{'广宁': '12944'},{'怀集': '12945'},{'封开': '12946'},{'德庆': '12947'},{'高要': '12948'},{'四会': '12949'},{'惠州': '12950'},{'惠阳': '12951'},{'博罗': '12952'},{'惠东': '12953'},{'龙门': '12954'},{'梅州': '12955'},{'梅县': '12956'},{'大埔': '12957'},{'丰顺': '12958'},{'五华': '12959'},{'平远': '12960'},{'蕉岭': '12961'},{'兴宁': '12962'},{'汕尾': '12963'},{'海丰': '12964'},{'陆丰': '12965'},{'河源': '12966'},{'紫金': '12967'},{'龙川': '12968'},{'连平': '12969'},{'和平': '12970'},{'阳江': '12971'},{'阳春': '12972'},{'清远': '12973'},{'佛冈': '12974'},{'阳山': '12975'},{'连山': '12976'},{'连南': '12977'},{'英德': '12978'},{'连州': '12979'},{'东莞': '12980'},{'中山': '12981'},{'潮州': '12982'},{'饶平': '12983'},{'揭阳': '12984'},{'揭西': '12985'},{'惠来': '12986'},{'普宁': '12987'},{'云浮': '12988'},{'新兴': '12989'},{'郁南': '12990'},{'罗定': '12991'}
{'广西': 130},{'南宁': '1301'},{'邕宁': '1302'},{'武鸣': '1303'},{'隆安': '1304'},{'马山': '1305'},{'上林': '1306'},{'宾阳': '1307'},{'横县': '1308'},{'柳州': '1309'},{'柳江': '13010'},{'柳城': '13011'},{'鹿寨': '13012'},{'融安': '13013'},{'融水': '13014'},{'三江': '13015'},{'桂林': '13016'},{'阳朔': '13017'},{'临桂': '13018'},{'灵川': '13019'},{'全州': '13020'},{'兴安': '13021'},{'永福': '13022'},{'灌阳': '13023'},{'龙胜': '13024'},{'资源': '13025'},{'平乐': '13026'},{'荔浦': '13027'},{'恭城': '13028'},{'梧州': '13029'},{'苍梧': '13030'},{'藤县': '13031'},{'蒙山': '13032'},{'岑溪': '13033'},{'北海': '13034'},{'合浦': '13035'},{'涠洲': '13036'},{'防城港': '13037'},{'防城': '13038'},{'上思': '13039'},{'东兴': '13040'},{'钦州': '13041'},{'灵山': '13042'},{'浦北': '13043'},{'贵港': '13044'},{'平南': '13045'},{'桂平': '13046'},{'玉林': '13047'},{'容县': '13048'},{'陆川': '13049'},{'博白': '13050'},{'北流': '13051'},{'百色': '13052'},{'田阳': '13053'},{'田东': '13054'},{'平果': '13055'},{'德保': '13056'},{'靖西': '13057'},{'那坡': '13058'},{'凌云': '13059'},{'乐业': '13060'},{'田林': '13061'},{'西林': '13062'},{'隆林': '13063'},{'贺州': '13064'},{'昭平': '13065'},{'钟山': '13066'},{'富川': '13067'},{'河池': '13068'},{'南丹': '13069'},{'天峨': '13070'},{'凤山': '13071'},{'东兰': '13072'},{'罗城': '13073'},{'环江': '13074'},{'巴马': '13075'},{'都安': '13076'},{'宜州': '13077'},{'来宾': '13078'},{'忻城': '13079'},{'象州': '13080'},{'武宣': '13081'},{'金秀': '13082'},{'崇左': '13083'},{'扶绥': '13084'},{'宁明': '13085'},{'龙州': '13086'},{'大新': '13087'},{'天等': '13088'},{'凭祥': '13089'}
{'海南': 131},{'海口': '1311'},{'龙华': '1312'},{'三亚': '1313'},{'五指山': '1314'},{'乐东': '1315'},{'保亭': '1316'},{'琼中': '1317'},{'琼海': '1318'},{'儋州': '1319'},{'文昌': '13110'},{'万宁': '13111'},{'东方': '13112'},{'定安': '13113'},{'屯昌': '13114'},{'澄迈': '13115'},{'临高': '13116'},{'白沙': '13117'},{'昌江': '13118'},{'陵水': '13119'},{'西沙群岛': '13120'},{'南沙群岛': '13121'}
{'重庆': 132},{'重庆': '1321'},{'万州': '1322'},{'涪陵': '1323'},{'江北': '1324'},{'北碚': '1325'},{'黔江': '1326'},{'长寿': '1327'},{'江津': '1328'},{'合川': '1329'},{'永川': '13210'},{'南川': '13211'},{'綦江': '13212'},{'潼南': '13213'},{'铜梁': '13214'},{'大足': '13215'},{'荣昌': '13216'},{'璧山': '13217'},{'梁平': '13218'},{'城口': '13219'},{'丰都': '13220'},{'垫江': '13221'},{'武隆': '13222'},{'忠县': '13223'},{'开县': '13224'},{'奉节': '13225'},{'巫山': '13226'},{'巫溪': '13227'},{'石柱': '13228'},{'秀山': '13229'},{'酉阳': '13230'},{'彭水': '13231'},{'南坪': '13232'}
{'四川': 133},{'成都': '1331'},{'龙泉驿': '1332'},{'新都': '1333'},{'温江': '1334'},{'金堂': '1335'},{'双流': '1336'},{'郫县': '1337'},{'大邑': '1338'},{'蒲江': '1339'},{'新津': '13310'},{'都江堰': '13311'},{'彭州': '13312'},{'邛崃': '13313'},{'崇州': '13314'},{'自贡': '13315'},{'荣县': '13316'},{'富顺': '13317'},{'攀枝花': '13318'},{'仁和': '13319'},{'米易': '13320'},{'盐边': '13321'},{'泸州': '13322'},{'纳溪': '13323'},{'泸县': '13324'},{'合江': '13325'},{'叙永': '13326'},{'古蔺': '13327'},{'德阳': '13328'},{'中江': '13329'},{'罗江': '13330'},{'广汉': '13331'},{'什邡': '13332'},{'绵竹': '13333'},{'绵阳': '13334'},{'三台': '13335'},{'盐亭': '13336'},{'安县': '13337'},{'梓潼': '13338'},{'北川': '13339'},{'平武': '13340'},{'江油': '13341'},{'广元': '13342'},{'旺苍': '13343'},{'青川': '13344'},{'剑阁': '13345'},{'苍溪': '13346'},{'遂宁': '13347'},{'蓬溪': '13348'},{'射洪': '13349'},{'内江': '13350'},{'威远': '13351'},{'资中': '13352'},{'隆昌': '13353'},{'乐山': '13354'},{'犍为': '13355'},{'井研': '13356'},{'夹江': '13357'},{'沐川': '13358'},{'峨边': '13359'},{'马边': '13360'},{'峨眉山': '13361'},{'南充': '13362'},{'南部': '13363'},{'营山': '13364'},{'蓬安': '13365'},{'仪陇': '13366'},{'西充': '13367'},{'阆中': '13368'},{'眉山': '13369'},{'仁寿': '13370'},{'彭山': '13371'},{'洪雅': '13372'},{'丹棱': '13373'},{'青神': '13374'},{'宜宾': '13375'},{'南溪': '13376'},{'江安': '13377'},{'长宁': '13378'},{'高县': '13379'},{'珙县': '13380'},{'筠连': '13381'},{'兴文': '13382'},{'屏山': '13383'},{'宜宾县': '13384'},{'广安': '13385'},{'岳池': '13386'},{'武胜': '13387'},{'邻水': '13388'},{'达州': '13389'},{'宣汉': '13390'},{'开江': '13391'},{'大竹': '13392'},{'渠县': '13393'},{'万源': '13394'},{'达川': '13395'},{'雅安': '13396'},{'名山': '13397'},{'汉源': '13398'},{'石棉': '13399'},{'天全': '133100'},{'芦山': '133101'},{'宝兴': '133102'},{'荣经': '133103'},{'巴中': '133104'},{'通江': '133105'},{'南江': '133106'},{'平昌': '133107'},{'资阳': '133108'},{'安岳': '133109'},{'乐至': '133110'},{'简阳': '133111'},{'阿坝': '133112'},{'汶川': '133113'},{'理县': '133114'},{'茂县': '133115'},{'松潘': '133116'},{'金川': '133117'},{'小金': '133118'},{'黑水': '133119'},{'马尔康': '133120'},{'壤塘': '133121'},{'若尔盖': '133122'},{'红原': '133123'},{'甘孜': '133124'},{'康定': '133125'},{'泸定': '133126'},{'丹巴': '133127'},{'九龙': '133128'},{'雅江': '133129'},{'道孚': '133130'},{'炉霍': '133131'},{'新龙': '133132'},{'德格': '133133'},{'白玉': '133134'},{'石渠': '133135'},{'色达': '133136'},{'理塘': '133137'},{'巴塘': '133138'},{'乡城': '133139'},{'稻城': '133140'},{'得荣': '133141'},{'凉山': '133142'},{'西昌': '133143'},{'木里': '133144'},{'盐源': '133145'},{'德昌': '133146'},{'会理': '133147'},{'会东': '133148'},{'宁南': '133149'},{'普格': '133150'},{'布拖': '133151'},{'金阳': '133152'},{'昭觉': '133153'},{'喜德': '133154'},{'冕宁': '133155'},{'越西': '133156'},{'甘洛': '133157'},{'美姑': '133158'},{'雷波': '133159'}
{'贵州': 134},{'贵阳': '1341'},{'花溪': '1342'},{'乌当': '1343'},{'白云': '1344'},{'开阳': '1345'},{'息烽': '1346'},{'修文': '1347'},{'清镇': '1348'},{'六盘水': '1349'},{'六枝': '13410'},{'水城': '13411'},{'盘县': '13412'},{'遵义': '13413'},{'汇川': '13414'},{'桐梓': '13415'},{'绥阳': '13416'},{'正安': '13417'},{'道真': '13418'},{'务川': '13419'},{'凤冈': '13420'},{'湄潭': '13421'},{'余庆': '13422'},{'习水': '13423'},{'赤水': '13424'},{'仁怀': '13425'},{'安顺': '13426'},{'平坝': '13427'},{'普定': '13428'},{'镇宁': '13429'},{'关岭': '13430'},{'紫云': '13431'},{'铜仁': '13432'},{'江口': '13433'},{'玉屏': '13434'},{'石阡': '13435'},{'思南': '13436'},{'印江': '13437'},{'德江': '13438'},{'沿河': '13439'},{'松桃': '13440'},{'万山': '13441'},{'黔西南': '13442'},{'兴义': '13443'},{'兴仁': '13444'},{'普安': '13445'},{'晴隆': '13446'},{'贞丰': '13447'},{'望谟': '13448'},{'册亨': '13449'},{'安龙': '13450'},{'毕节': '13451'},{'大方': '13452'},{'黔西': '13453'},{'金沙': '13454'},{'织金': '13455'},{'纳雍': '13456'},{'威宁': '13457'},{'赫章': '13458'},{'黔东南': '13459'},{'凯里': '13460'},{'黄平': '13461'},{'施秉': '13462'},{'三穗': '13463'},{'镇远': '13464'},{'岑巩': '13465'},{'天柱': '13466'},{'锦屏': '13467'},{'剑河': '13468'},{'台江': '13469'},{'黎平': '13470'},{'榕江': '13471'},{'从江': '13472'},{'雷山': '13473'},{'麻江': '13474'},{'丹寨': '13475'},{'黔南': '13476'},{'都匀': '13477'},{'福泉': '13478'},{'荔波': '13479'},{'贵定': '13480'},{'瓮安': '13481'},{'独山': '13482'},{'平塘': '13483'},{'罗甸': '13484'},{'长顺': '13485'},{'龙里': '13486'},{'惠水': '13487'},{'三都': '13488'}
{'云南': 135},{'昆明': '1351'},{'东川': '1352'},{'呈贡': '1353'},{'晋宁': '1354'},{'富民': '1355'},{'宜良': '1356'},{'石林': '1357'},{'嵩明': '1358'},{'禄劝': '1359'},{'寻甸': '13510'},{'安宁': '13511'},{'太华山': '13512'},{'曲靖': '13513'},{'马龙': '13514'},{'陆良': '13515'},{'师宗': '13516'},{'罗平': '13517'},{'富源': '13518'},{'会泽': '13519'},{'沾益': '13520'},{'宣威': '13521'},{'玉溪': '13522'},{'江川': '13523'},{'澄江': '13524'},{'通海': '13525'},{'华宁': '13526'},{'易门': '13527'},{'峨山': '13528'},{'新平': '13529'},{'元江': '13530'},{'保山': '13531'},{'施甸': '13532'},{'腾冲': '13533'},{'龙陵': '13534'},{'昌宁': '13535'},{'昭通': '13536'},{'鲁甸': '13537'},{'巧家': '13538'},{'盐津': '13539'},{'大关': '13540'},{'永善': '13541'},{'绥江': '13542'},{'镇雄': '13543'},{'彝良': '13544'},{'威信': '13545'},{'丽江': '13546'},{'永胜': '13547'},{'华坪': '13548'},{'宁蒗': '13549'},{'普洱': '13550'},{'思茅': '13551'},{'墨江': '13552'},{'景东': '13553'},{'景谷': '13554'},{'镇沅': '13555'},{'江城': '13556'},{'孟连': '13557'},{'澜沧': '13558'},{'西盟': '13559'},{'宁洱': '13560'},{'临沧': '13561'},{'凤庆': '13562'},{'云县': '13563'},{'永德': '13564'},{'镇康': '13565'},{'双江': '13566'},{'耿马': '13567'},{'沧源': '13568'},{'楚雄': '13569'},{'双柏': '13570'},{'牟定': '13571'},{'南华': '13572'},{'姚安': '13573'},{'大姚': '13574'},{'永仁': '13575'},{'元谋': '13576'},{'武定': '13577'},{'禄丰': '13578'},{'红河': '13579'},{'个旧': '13580'},{'开远': '13581'},{'蒙自': '13582'},{'屏边': '13583'},{'建水': '13584'},{'石屏': '13585'},{'弥勒': '13586'},{'泸西': '13587'},{'元阳': '13588'},{'金平': '13589'},{'绿春': '13590'},{'文山': '13591'},{'砚山': '13592'},{'西畴': '13593'},{'麻栗坡': '13594'},{'马关': '13595'},{'丘北': '13596'},{'广南': '13597'},{'富宁': '13598'},{'西双版纳': '13599'},{'景洪': '135100'},{'勐海': '135101'},{'勐腊': '135102'},{'大理': '135103'},{'漾濞': '135104'},{'祥云': '135105'},{'宾川': '135106'},{'弥渡': '135107'},{'南涧': '135108'},{'巍山': '135109'},{'永平': '135110'},{'云龙': '135111'},{'洱源': '135112'},{'剑川': '135113'},{'鹤庆': '135114'},{'德宏': '135115'},{'瑞丽': '135116'},{'潞西': '135117'},{'梁河': '135118'},{'盈江': '135119'},{'陇川': '135120'},{'怒江': '135121'},{'泸水': '135122'},{'福贡': '135123'},{'贡山': '135124'},{'兰坪': '135125'},{'迪庆': '135126'},{'香格里拉': '135127'},{'德钦': '135128'},{'维西': '135129'}
{'西藏': 136},{'拉萨': '1361'},{'当雄': '1362'},{'尼木': '1363'},{'昌都': '1364'},{'丁青': '1365'},{'左贡': '1366'},{'芒康': '1367'},{'洛隆': '1368'},{'山南': '1369'},{'加查': '13610'},{'隆子': '13611'},{'错那': '13612'},{'浪卡子': '13613'},{'泽当': '13614'},{'日喀则': '13615'},{'南木林': '13616'},{'江孜': '13617'},{'定日': '13618'},{'拉孜': '13619'},{'聂拉木': '13620'},{'帕里': '13621'},{'那曲': '13622'},{'嘉黎': '13623'},{'安多': '13624'},{'申扎': '13625'},{'索县': '13626'},{'班戈': '13627'},{'阿里': '13628'},{'普兰': '13629'},{'改则': '13630'},{'狮泉河': '13631'},{'林芝': '13632'},{'米林': '13633'},{'波密': '13634'},{'察隅': '13635'}
{'陕西': 137},{'西安': '1371'},{'临潼': '1372'},{'长安': '1373'},{'蓝田': '1374'},{'周至': '1375'},{'户县': '1376'},{'高陵': '1377'},{'铜川': '1378'},{'耀州': '1379'},{'宜君': '13710'},{'宝鸡': '13711'},{'陈仓': '13712'},{'凤翔': '13713'},{'岐山': '13714'},{'扶风': '13715'},{'眉县': '13716'},{'陇县': '13717'},{'千阳': '13718'},{'麟游': '13719'},{'凤县': '13720'},{'太白': '13721'},{'咸阳': '13722'},{'杨凌': '13723'},{'三原': '13724'},{'泾阳': '13725'},{'乾县': '13726'},{'礼泉': '13727'},{'永寿': '13728'},{'彬县': '13729'},{'长武': '13730'},{'旬邑': '13731'},{'淳化': '13732'},{'武功': '13733'},{'兴平': '13734'},{'渭南': '13735'},{'华县': '13736'},{'潼关': '13737'},{'大荔': '13738'},{'合阳': '13739'},{'澄城': '13740'},{'蒲城': '13741'},{'白水': '13742'},{'富平': '13743'},{'韩城': '13744'},{'华阴': '13745'},{'延安': '13746'},{'延长': '13747'},{'延川': '13748'},{'子长': '13749'},{'安塞': '13750'},{'志丹': '13751'},{'吴起': '13752'},{'甘泉': '13753'},{'富县': '13754'},{'洛川': '13755'},{'宜川': '13756'},{'黄龙': '13757'},{'黄陵': '13758'},{'汉中': '13759'},{'南郑': '13760'},{'城固': '13761'},{'洋县': '13762'},{'西乡': '13763'},{'勉县': '13764'},{'宁强': '13765'},{'略阳': '13766'},{'镇巴': '13767'},{'留坝': '13768'},{'佛坪': '13769'},{'榆林': '13770'},{'神木': '13771'},{'府谷': '13772'},{'横山': '13773'},{'靖边': '13774'},{'定边': '13775'},{'绥德': '13776'},{'米脂': '13777'},{'佳县': '13778'},{'吴堡': '13779'},{'清涧': '13780'},{'子洲': '13781'},{'安康': '13782'},{'汉阴': '13783'},{'石泉': '13784'},{'宁陕': '13785'},{'紫阳': '13786'},{'岚皋': '13787'},{'平利': '13788'},{'镇坪': '13789'},{'旬阳': '13790'},{'白河': '13791'},{'商洛': '13792'},{'洛南': '13793'},{'丹凤': '13794'},{'商南': '13795'},{'山阳': '13796'},{'镇安': '13797'},{'柞水': '13798'}
{'甘肃': 138},{'兰州': '1381'},{'永登': '1382'},{'皋兰': '1383'},{'榆中': '1384'},{'嘉峪关': '1385'},{'金昌': '1386'},{'永昌': '1387'},{'白银': '1388'},{'靖远': '1389'},{'会宁': '13810'},{'景泰': '13811'},{'天水': '13812'},{'清水': '13813'},{'秦安': '13814'},{'甘谷': '13815'},{'武山': '13816'},{'张家川': '13817'},{'麦积': '13818'},{'武威': '13819'},{'民勤': '13820'},{'古浪': '13821'},{'天祝': '13822'},{'张掖': '13823'},{'肃南': '13824'},{'民乐': '13825'},{'临泽': '13826'},{'高台': '13827'},{'山丹': '13828'},{'平凉': '13829'},{'崆峒': '13830'},{'泾川': '13831'},{'灵台': '13832'},{'崇信': '13833'},{'华亭': '13834'},{'庄浪': '13835'},{'静宁': '13836'},{'酒泉': '13837'},{'金塔': '13838'},{'瓜州': '13839'},{'肃北': '13840'},{'玉门': '13841'},{'敦煌': '13842'},{'庆阳': '13843'},{'西峰': '13844'},{'庆城': '13845'},{'环县': '13846'},{'华池': '13847'},{'合水': '13848'},{'正宁': '13849'},{'宁县': '13850'},{'镇原': '13851'},{'定西': '13852'},{'安定': '13853'},{'通渭': '13854'},{'陇西': '13855'},{'渭源': '13856'},{'临洮': '13857'},{'漳县': '13858'},{'岷县': '13859'},{'陇南': '13860'},{'武都': '13861'},{'宕昌': '13862'},{'成县': '13863'},{'康县': '13864'},{'文县': '13865'},{'西和': '13866'},{'礼县': '13867'},{'两当': '13868'},{'徽县': '13869'},{'临夏': '13870'},{'康乐': '13871'},{'永靖': '13872'},{'广河': '13873'},{'和政': '13874'},{'甘南': '13875'},{'合作': '13876'},{'临潭': '13877'},{'卓尼': '13878'},{'舟曲': '13879'},{'迭部': '13880'},{'玛曲': '13881'},{'碌曲': '13882'},{'夏河': '13883'}
{'青海': 139},{'西宁': '1391'},{'大通': '1392'},{'湟中': '1393'},{'湟源': '1394'},{'海东': '1395'},{'平安': '1396'},{'民和': '1397'},{'乐都': '1398'},{'互助': '1399'},{'化隆': '13910'},{'循化': '13911'},{'海北': '13912'},{'门源': '13913'},{'祁连': '13914'},{'海晏': '13915'},{'刚察': '13916'},{'黄南': '13917'},{'同仁': '13918'},{'尖扎': '13919'},{'泽库': '13920'},{'河南': '13921'},{'海南': '13922'},{'共和': '13923'},{'同德': '13924'},{'贵德': '13925'},{'兴海': '13926'},{'贵南': '13927'},{'果洛': '13928'},{'玛沁': '13929'},{'班玛': '13930'},{'甘德': '13931'},{'达日': '13932'},{'久治': '13933'},{'玛多': '13934'},{'玉树': '13935'},{'杂多': '13936'},{'治多': '13937'},{'囊谦': '13938'},{'曲麻莱': '13939'},{'海西': '13940'},{'格尔木': '13941'},{'德令哈': '13942'},{'乌兰': '13943'},{'都兰': '13944'},{'天峻': '13945'},{'大柴旦': '13946'},{'冷湖': '13947'},{'茫崖': '13948'}
{'宁夏': 140},{'银川': '1401'},{'永宁': '1402'},{'贺兰': '1403'},{'灵武': '1404'},{'石嘴山': '1405'},{'惠农': '1406'},{'平罗': '1407'},{'陶乐': '1408'},{'吴忠': '1409'},{'盐池': '14010'},{'同心': '14011'},{'青铜峡': '14012'},{'固原': '14013'},{'海原': '14014'},{'西吉': '14015'},{'隆德': '14016'},{'泾源': '14017'},{'彭阳': '14018'},{'中卫': '14019'},{'中宁': '14020'}
{'新疆': 141},{'乌鲁木齐': '1411'},{'达坂城': '1412'},{'白杨沟': '1413'},{'小渠子': '1414'},{'天池': '1415'},{'克拉玛依': '1416'},{'吐鲁番': '1417'},{'鄯善': '1418'},{'托克逊': '1419'},{'哈密': '14110'},{'巴里坤': '14111'},{'伊吾': '14112'},{'昌吉': '14113'},{'阜康': '14114'},{'米泉': '14115'},{'呼图壁': '14116'},{'玛纳斯': '14117'},{'奇台': '14118'},{'吉木萨尔': '14119'},{'木垒': '14120'},{'博州': '14121'},{'博乐': '14122'},{'精河': '14123'},{'温泉': '14124'},{'阿拉山口': '14125'},{'巴州': '14126'},{'库尔勒': '14127'},{'轮台': '14128'},{'尉犁': '14129'},{'若羌': '14130'},{'且末': '14131'},{'焉耆': '14132'},{'和静': '14133'},{'和硕': '14134'},{'博湖': '14135'},{'巴音布鲁克': '14136'},{'巴仑台': '14137'},{'塔中': '14138'},{'铁干里克': '14139'},{'阿克苏': '14140'},{'温宿': '14141'},{'库车': '14142'},{'沙雅': '14143'},{'新和': '14144'},{'拜城': '14145'},{'乌什': '14146'},{'阿瓦提': '14147'},{'柯坪': '14148'},{'克州': '14149'},{'阿图什': '14150'},{'阿克陶': '14151'},{'阿合奇': '14152'},{'乌恰': '14153'},{'喀什': '14154'},{'英吉沙': '14155'},{'泽普': '14156'},{'莎车': '14157'},{'叶城': '14158'},{'麦盖提': '14159'},{'岳普湖': '14160'},{'伽师': '14161'},{'巴楚': '14162'},{'塔什库尔干': '14163'},{'和田': '14164'},{'墨玉': '14165'},{'皮山': '14166'},{'洛浦': '14167'},{'策勒': '14168'},{'于田': '14169'},{'民丰': '14170'},{'伊犁': '14171'},{'伊宁市': '14172'},{'伊宁县': '14173'},{'察布查尔': '14174'},{'霍城': '14175'},{'巩留': '14176'},{'新源': '14177'},{'昭苏': '14178'},{'特克斯': '14179'},{'尼勒克': '14180'},{'霍尔果斯': '14181'},{'塔城': '14182'},{'乌苏': '14183'},{'额敏': '14184'},{'沙湾': '14185'},{'托里': '14186'},{'裕民': '14187'},{'和布克赛尔': '14188'},{'阿勒泰': '14189'},{'布尔津': '14190'},{'富蕴': '14191'},{'福海': '14192'},{'哈巴河': '14193'},{'青河': '14194'},{'吉木乃': '14195'},{'石河子': '14196'},{'阿拉尔': '14197'},{'炮台': '14198'},{'莫索湾': '14199'},{'蔡家湖': '141100'},{'五家渠': '141101'}
{'台湾': 142},{'台北': '1421'},{'台中': '1422'},{'高雄': '1423'}
{'香港': 143},{'香港': '1431'}
{'澳门': 144},{'澳门': '1441'}
